Category,Title,Description,Link,Date
Americas,ss,ssl,https://cantinhode.net,2024-07-21
Europe_Middle_East_Africa,SX5E:IND,The EURO STOXX 50 Index underlies more than 28 billion euros in ETF assets and futures and options on the index are the most actively traded EUR-denominated equity index derivates on Eurex (data as of December 2023). This index tracks the Eurozone’s biggest and most traded companies and offers diversified exposure to the region’s supersector leaders. The index underlies one of the world’s largest ranges of exchange-traded funds (ETFs), futures, options and structured products.,https://stoxx.com/index/sx5e/,2024-07-14
Americas,hk,hk,https://cantinhode.net,2024-07-14
Americas,h,h,,
Americas,jj,jj,jj,
Americas,jj,jj,jj,
Americas,f,f,https://cantinhode.net,2024-07-14
Americas,f,f,https://cantinhode.net,2024-07-14
Americas,l,l,https://cantinhode.net,2024-07-14
Americas,l,l,https://cantinhode.net,2024-07-14
Asia_Pacific,fffh,ffh,https://cantinhode.net,2024-07-14
Americas,Symbol 1,Description for Symbol 1,http://example.com/1,01/07/2023 00:00:00
Europe_Middle_East_Africa,Symbol 2,Description for Symbol 2,http://example.com/2,02/07/2023 00:00:00
Asia_Pacific,Symbol 3,Description for Symbol 3,http://example.com/3,03/07/2023 00:00:00
Americas,Symbol 1,Description for Symbol 1,http://example.com/1,01/07/2023 00:00:00
Europe_Middle_East_Africa,Symbol 2,Description for Symbol 2,http://example.com/2,02/07/2023 00:00:00
Asia_Pacific,Symbol 3,Description for Symbol 3,http://example.com/3,03/07/2023 00:00:00
Americas,Symbol 1,Description for Symbol 1,http://example.com/1,01/07/2023 00:00:00
Europe_Middle_East_Africa,Symbol 2,Description for Symbol 2,http://example.com/2,02/07/2023 00:00:00
Asia_Pacific,Symbol 3,Description for Symbol 3,http://example.com/3,03/07/2023 00:00:00
Americas,Symbol 1,Description for Symbol 1,http://example.com/1,01/07/2023 00:00:00
Europe_Middle_East_Africa,Symbol 2,Description for Symbol 2,http://example.com/2,02/07/2023 00:00:00
Asia_Pacific,Symbol 3,Description for Symbol 3,http://example.com/3,03/07/2023 00:00:00
Americas,Symbol 1,Description for Symbol 1,http://example.com/1,01/07/2023 00:00:00
Europe_Middle_East_Africa,Symbol 2,Description for Symbol 2,http://example.com/2,02/07/2023 00:00:00
Asia_Pacific,Symbol 3,Description for Symbol 3,http://example.com/3,03/07/2023 00:00:00
